{"t":[0.07630458417167237,0.09247025681711603],"h":[0.04481172009263538,0.05430540393300584],"e":[0.10311005092442414,0.12495465368052007],"f":[0.019237903319735638,0.023313590918685886],"u":[0.02238804153919915,0.027131108481036285],"l":[0.034193454401831844,0.04143758260824867],"o":[0.06262709810748332,0.07589509737292602],"n":[0.058530232182970515,0.07093028106080683],"c":[0.02558737622221921,0.03100824513008969],"y":[0.014214648864152744,0.017226124030452504],"g":[0.016094370985838026,0.019504078746069457],"r":[0.05058248265172763,0.06129874387008348],"a":[0.06654438824806004,0.0806422934851717],"d":[0.03273146762264261,0.039665863459230025],"j":[0.001348296011818277,0.0016339421783339604],"s":[0.05401997689330765,0.06546449588586169],"i":[0.06010208526946624,0.0728351424811905],"v":[0.008215635574849377,0.009956176811251027],"p":[0.016675688915636932,0.020208553042659037],"m":[0.020970905246220476,0.025413741714948295],"k":[0.005419955267724374,0.00656821160857352],"x":[0.001640171850374606,0.0019876540036850073],"w":[0.01549566914665518,0.01877853763439048],"b":[0.012655138353319615,0.015336220048782318],"z":[0.0007914893942507239,0.0009591720910204386],"q":[0.0008869270567685468,0.0010748289058612514]," ":[0.1748202416850154,0]}